patient_id,correlation_id,message

1,bb369221-f568-4a7d-abf4-6f5aa9a65374,"{""patient_id"": 1}"
1,71cdfb9c-654c-4b5d-bb53-cf483038fa07,"{""patient_id"": 1}"
1,7b8ae0f4-88c0-4714-afe3-ee44c85d1364,"{""patient_id"": 1}"
1,b27fafc8-fe6c-4646-b009-5a9071bc515a,"{""patient_id"": 1}"
1,54062caf-c989-4950-9064-58a02cfd73f3,"{""patient_id"": 1}"
1,e34ea1e7-fba8-4e20-88ca-12ce6b08d05e,"{""patient_id"": 1}"
1,e5930861-1c93-4bed-af29-a7e27b8a5b10,"{""patient_id"": 1}"
1,e807b72c-a02b-4465-bcad-a5d23b3bb3b4,"{""patient_id"": 1}"
1,fda12173-d088-4ace-a532-a4f86f0ea797,"{""patient_id"": 1}"
1,6c4cd540-fe57-4976-becd-eb8241944fba,hi pls work
1,05a3690d-db1d-4bdb-81f4-6706336c7b20,hi pls work
1,57d5601c-cb16-49cf-b9a6-347cc2182095,hi pls work
1,15abe91f-9bd5-411d-b08b-4396f00b170d,hi pls work
1,72b36fca-db92-4438-909f-b2bb8fbbc92f,hi pls work
1,38bb5255-92aa-4c09-972f-4d8cd87c0bb5,hi pls work
1,f42ea095-0fac-4560-8066-72e21e8f7ac2,hi pls work
